Id,Test,DAM,SIRE,Id.2,animal,Mass,Temp,Time_center,Time_edge,Time_periphery,Time_out,UZ,Dist_OF,Dist_AP,Velo_OF,Velo_AP,Peak_fq,Pulses_p_chip,Time_calling,Chirp_dur,Chirp_rate,Pulse_rate,Call_ampl
AD_CS2_151_143_3,AP,151,143,3,203,NA,26,NA,NA,NA,NA,NA,NA,158.407,NA,0.767327,NA,NA,NA,NA,NA,NA,NA
AD_CS2_151_143_3,AP,151,143,3,203,908,26,NA,NA,NA,NA,NA,NA,635.971,NA,3.02325,NA,NA,NA,NA,NA,NA,NA
AD_CS2_151_143_3,C,151,143,3,203,NA,NA,NA,NA,NA,NA,NA,NA,NA,NA,NA,NA,NA,NA,NA,NA,NA,NA
AD_CS2_151_143_3,OF,151,143,3,203,878,25,0.16,193,0,0.16,26,590.42,NA,2.90047,NA,NA,NA,NA,NA,NA,NA,NA
AD_CS2_151_143_3,OF,151,143,3,203,NA,27,8.92,180.16,3.68,12.6,33,667.711,NA,3.36277,NA,NA,NA,NA,NA,NA,NA,NA
AD_CS2_151_143_4,AP,151,143,4,204,368,26,NA,NA,NA,NA,NA,NA,459.66,NA,2.31497,NA,NA,NA,NA,NA,NA,NA
AD_CS2_151_143_4,AP,151,143,4,204,NA,27,NA,NA,NA,NA,NA,NA,752.47,NA,3.63442,NA,NA,NA,NA,NA,NA,NA
AD_CS2_151_143_4,C,151,143,4,204,368,25.5,NA,NA,NA,NA,NA,NA,NA,NA,NA,4451,1.666666667,0.33942,0.05657,17.67721407,25.69363022,0.499348333
AD_CS2_151_143_4,OF,151,143,4,204,NA,27,0,193.76,0,0,25,206.271,NA,1.00307,NA,NA,NA,NA,NA,NA,NA,NA
AD_CS2_151_143_4,OF,151,143,4,204,372,27,9.76,167.56,31.8,41.56,33,594.358,NA,2.97298,NA,NA,NA,NA,NA,NA,NA,NA
AD_CS2_151_143_5,AP,151,143,5,205,409,25,NA,NA,NA,NA,NA,NA,102.152,NA,0.51158,NA,NA,NA,NA,NA,NA,NA
AD_CS2_151_143_5,AP,151,143,5,205,NA,26,NA,NA,NA,NA,NA,NA,403.36,NA,1.95464,NA,NA,NA,NA,NA,NA,NA
AD_CS2_151_143_6,C,151,143,5,205,NA,NA,NA,NA,NA,NA,NA,NA,NA,NA,NA,NA,NA,NA,NA,NA,NA,NA
AD_CS2_151_143_5,OF,151,143,5,205,NA,26,1.36,195.2,21.76,23.12,27,348.273,NA,1.71462,NA,NA,NA,NA,NA,NA,NA,NA
AD_CS2_151_143_5,OF,151,143,5,205,402,26,10.88,180,16.28,27.16,29,358.649,NA,1.77549,NA,NA,NA,NA,NA,NA,NA,NA
AD_CS2_151_143_6,AP,151,143,6,206,NA,27,NA,NA,NA,NA,NA,NA,441.128,NA,2.17648,NA,NA,NA,NA,NA,NA,NA
AD_CS2_151_143_6,AP,151,143,6,206,622,26,NA,NA,NA,NA,NA,NA,547.796,NA,2.7297,NA,NA,NA,NA,NA,NA,NA
AD_CS2_151_143_7,C,151,143,6,206,NA,NA,NA,NA,NA,NA,NA,NA,NA,NA,NA,NA,NA,NA,NA,NA,NA,NA
AD_CS2_151_143_6,OF,151,143,6,206,571,27,0,193.88,16.28,16.28,19,221.36,NA,1.12663,NA,NA,NA,NA,NA,NA,NA,NA
AD_CS2_151_143_6,OF,151,143,6,206,NA,27,0.12,187.32,21.88,22,29,594.965,NA,2.88314,NA,NA,NA,NA,NA,NA,NA,NA
AD_CS2_151_143_9,AP,151,143,9,209,NA,26,NA,NA,NA,NA,NA,NA,301.74,NA,1.46504,NA,NA,NA,NA,NA,NA,NA
AD_CS2_151_143_9,AP,151,143,9,209,659,26,NA,NA,NA,NA,NA,NA,425.534,NA,2.12046,NA,NA,NA,NA,NA,NA,NA
AD_CS2_151_143_9,C,151,143,9,209,NA,NA,NA,NA,NA,NA,NA,NA,NA,NA,NA,NA,NA,NA,NA,NA,NA,NA
AD_CS2_151_143_9,OF,151,143,9,209,624,25,3.32,192.16,0,3.32,25,150.964,NA,0.748236,NA,NA,NA,NA,NA,NA,NA,NA
AD_CS2_151_143_9,OF,151,143,9,209,NA,26,7.32,182.28,6.96,14.28,31,593.569,NA,2.8078,NA,NA,NA,NA,NA,NA,NA,NA
AD_CS2_151_143_11,AP,151,143,11,211,NA,27,NA,NA,NA,NA,NA,NA,276.299,NA,1.36323,NA,NA,NA,NA,NA,NA,NA
AD_CS2_151_143_11,AP,151,143,11,211,739,26,NA,NA,NA,NA,NA,NA,554.666,NA,2.81214,NA,NA,NA,NA,NA,NA,NA
AD_CS2_151_143_11,C,151,143,11,211,NA,NA,NA,NA,NA,NA,NA,NA,NA,NA,NA,NA,NA,NA,NA,NA,NA,NA
AD_CS2_151_143_11,OF,151,143,11,211,NA,26,0,202.36,17.68,17.68,20,327.853,NA,1.60586,NA,NA,NA,NA,NA,NA,NA,NA
AD_CS2_151_143_11,OF,151,143,11,211,698,26,0,189.88,20.08,20.08,20,375.69,NA,1.92346,NA,NA,NA,NA,NA,NA,NA,NA
AD_CS2_151_143_12,AP,151,143,12,212,941,25,NA,NA,NA,NA,NA,NA,448.255,NA,2.20685,NA,NA,NA,NA,NA,NA,NA
AD_CS2_151_143_12,AP,151,143,12,212,NA,27,NA,NA,NA,NA,NA,NA,501.174,NA,2.42864,NA,NA,NA,NA,NA,NA,NA
AD_CS2_151_143_12,C,151,143,12,212,NA,NA,NA,NA,NA,NA,NA,NA,NA,NA,NA,NA,NA,NA,NA,NA,NA,NA
AD_CS2_151_143_12,OF,151,143,12,212,NA,27,0.56,199.6,11.48,12.04,31,916.413,NA,4.42626,NA,NA,NA,NA,NA,NA,NA,NA
AD_CS2_151_143_12,OF,151,143,12,212,910,26,4.12,168.12,12.6,16.72,35,691.445,NA,3.50703,NA,NA,NA,NA,NA,NA,NA,NA
AD_CS2_151_143_13,AP,151,143,13,213,NA,27,NA,NA,NA,NA,NA,NA,475.353,NA,2.31653,NA,NA,NA,NA,NA,NA,NA
AD_CS2_151_143_13,AP,151,143,13,213,389,26,NA,NA,NA,NA,NA,NA,598.199,NA,2.84748,NA,NA,NA,NA,NA,NA,NA
AD_CS2_151_143_13,C,151,143,13,213,389,25.5,NA,NA,NA,NA,NA,NA,NA,NA,NA,5050.461983,2.421911422,37.86795,0.08827028,11.32884141,26.43561488,0.067682774
AD_CS2_151_143_13,OF,151,143,13,213,402,27,1.8,187.12,0,1.8,34,605.061,NA,3.07951,NA,NA,NA,NA,NA,NA,NA,NA
AD_CS2_151_143_13,OF,151,143,13,213,NA,26,0.8,193.76,11.28,12.08,30,560.094,NA,2.70891,NA,NA,NA,NA,NA,NA,NA,NA
AD_CS2_151_143_14,AP,151,143,14,214,NA,26,NA,NA,NA,NA,NA,NA,NA,NA,NA,NA,NA,NA,NA,NA,NA,NA
AD_CS2_151_143_14,AP,151,143,14,214,NA,26,NA,NA,NA,NA,NA,NA,NA,NA,NA,NA,NA,NA,NA,NA,NA,NA
AD_CS2_151_143_14,C,151,143,14,214,NA,NA,NA,NA,NA,NA,NA,NA,NA,NA,NA,NA,NA,NA,NA,NA,NA,NA
AD_CS2_151_143_14,OF,151,143,14,214,NA,26,NA,NA,NA,NA,NA,NA,NA,NA,NA,NA,NA,NA,NA,NA,NA,NA
AD_CS2_151_143_14,OF,151,143,14,214,NA,26,NA,NA,NA,NA,NA,NA,NA,NA,NA,NA,NA,NA,NA,NA,NA,NA
AD_CS2_151_143_15,AP,151,143,15,215,NA,27,NA,NA,NA,NA,NA,NA,461.164,NA,2.25751,NA,NA,NA,NA,NA,NA,NA
AD_CS2_151_143_15,AP,151,143,15,215,925,25,NA,NA,NA,NA,NA,NA,607.229,NA,3.01324,NA,NA,NA,NA,NA,NA,NA
AD_CS2_151_143_15,C,151,143,15,215,NA,NA,NA,NA,NA,NA,NA,NA,NA,NA,NA,NA,NA,NA,NA,NA,NA,NA
AD_CS2_151_143_15,OF,151,143,15,215,964,27,1.2,187.92,11.24,12.44,31,609.765,NA,3.09651,NA,NA,NA,NA,NA,NA,NA,NA
AD_CS2_151_143_15,OF,151,143,15,215,NA,26,0,210.04,23.4,23.4,6,28.5391,NA,0.135901,NA,NA,NA,NA,NA,NA,NA,NA
AD_CS2_151_143_17,AP,151,143,17,217,NA,27,NA,NA,NA,NA,NA,NA,395.479,NA,1.92728,NA,NA,NA,NA,NA,NA,NA
AD_CS2_151_143_17,AP,151,143,17,217,808,25,NA,NA,NA,NA,NA,NA,584.817,NA,2.81758,NA,NA,NA,NA,NA,NA,NA
AD_CS2_151_143_17,C,151,143,17,217,NA,NA,NA,NA,NA,NA,NA,NA,NA,NA,NA,NA,NA,NA,NA,NA,NA,NA
AD_CS2_151_143_17,OF,151,143,17,217,768,26,5.32,168.04,0,5.32,35,527.448,NA,2.59417,NA,NA,NA,NA,NA,NA,NA,NA
AD_CS2_151_143_17,OF,151,143,17,217,NA,26,0,201.36,19.48,19.48,18,230.154,NA,1.11314,NA,NA,NA,NA,NA,NA,NA,NA
AD_CS2_151_143_18,AP,151,143,18,218,NA,27,NA,NA,NA,NA,NA,NA,205.55,NA,1.00288,NA,NA,NA,NA,NA,NA,NA
AD_CS2_151_143_18,AP,151,143,18,218,688,26,NA,NA,NA,NA,NA,NA,209.43,NA,1.0436,NA,NA,NA,NA,NA,NA,NA
AD_CS2_151_143_18,C,151,143,18,218,NA,NA,NA,NA,NA,NA,NA,NA,NA,NA,NA,NA,NA,NA,NA,NA,NA,NA
AD_CS2_151_143_18,OF,151,143,18,218,NA,27,0,201.32,13.56,13.56,14,158.818,NA,0.773211,NA,NA,NA,NA,NA,NA,NA,NA
AD_CS2_151_143_18,OF,151,143,18,218,635,27,0,193.88,210,210,20,110.269,NA,0.557252,NA,NA,NA,NA,NA,NA,NA,NA
AD_CS2_151_143_19,AP,151,143,19,219,389,25,NA,NA,NA,NA,NA,NA,218.557,NA,1.05035,NA,NA,NA,NA,NA,NA,NA
AD_CS2_151_143_19,AP,151,143,19,219,NA,26,NA,NA,NA,NA,NA,NA,624.944,NA,3.11165,NA,NA,NA,NA,NA,NA,NA
AD_CS2_151_143_19,C,151,143,19,219,389,25.5,NA,NA,NA,NA,NA,NA,NA,NA,NA,4471.178451,1.953947368,55.27867,0.072735092,13.74852181,26.55070537,0.535400079
AD_CS2_151_143_19,OF,151,143,19,219,413,27,0,192,0.4,0.4,22,696.864,NA,3.52165,NA,NA,NA,NA,NA,NA,NA,NA
AD_CS2_151_143_19,OF,151,143,19,219,NA,27,0,42.2,16,16,21,196.758,NA,4.4677,NA,NA,NA,NA,NA,NA,NA,NA
AD_CS2_151_143_20,AP,151,143,20,220,NA,26,NA,NA,NA,NA,NA,NA,NA,NA,NA,NA,NA,NA,NA,NA,NA,NA
AD_CS2_151_143_20,AP,151,143,20,220,NA,25,NA,NA,NA,NA,NA,NA,NA,NA,NA,NA,NA,NA,NA,NA,NA,NA
AD_CS2_151_143_20,C,151,143,20,220,NA,NA,NA,NA,NA,NA,NA,NA,NA,NA,NA,NA,NA,NA,NA,NA,NA,NA
AD_CS2_151_143_20,OF,151,143,20,220,NA,27,NA,NA,NA,NA,NA,NA,NA,NA,NA,NA,NA,NA,NA,NA,NA,NA
AD_CS2_151_143_20,OF,151,143,20,220,NA,25,NA,NA,NA,NA,NA,NA,NA,NA,NA,NA,NA,NA,NA,NA,NA,NA
AD_CS2_151_143_21,AP,151,143,21,221,NA,26,NA,NA,NA,NA,NA,NA,222.756,NA,1.09667,NA,NA,NA,NA,NA,NA,NA
AD_CS2_151_143_21,AP,151,143,21,221,736,26,NA,NA,NA,NA,NA,NA,254.202,NA,1.29615,NA,NA,NA,NA,NA,NA,NA
AD_CS2_151_143_21,C,151,143,21,221,NA,NA,NA,NA,NA,NA,NA,NA,NA,NA,NA,NA,NA,NA,NA,NA,NA,NA
AD_CS2_151_143_21,OF,151,143,21,221,692,27,1.92,173.64,20.72,22.64,32,525.673,NA,2.74302,NA,NA,NA,NA,NA,NA,NA,NA
AD_CS2_151_143_21,OF,151,143,21,221,NA,27,0,207.52,31.52,31.52,8,75.8457,NA,0.365557,NA,NA,NA,NA,NA,NA,NA,NA
AD_CS2_151_143_22,AP,151,143,22,222,NA,27,NA,NA,NA,NA,NA,NA,NA,NA,NA,NA,NA,NA,NA,NA,NA,NA
AD_CS2_151_143_22,AP,151,143,22,222,418,25,NA,NA,NA,NA,NA,NA,568.937,NA,2.8711,NA,NA,NA,NA,NA,NA,NA
AD_CS2_151_143_22,C,151,143,22,222,418,25.5,NA,NA,NA,NA,NA,NA,NA,NA,NA,4783.894737,1.221864952,13.87658,0.022309614,44.82372458,32.22930823,0.053440418
AD_CS2_151_143_22,OF,151,143,22,222,427,26,0,201.68,0,0,21,523.536,NA,2.55135,NA,NA,NA,NA,NA,NA,NA,NA
AD_CS2_151_143_22,OF,151,143,22,222,NA,27,3.12,199.96,0.68,3.8,31,654.368,NA,3.12616,NA,NA,NA,NA,NA,NA,NA,NA
AD_CS2_134_132_23,AP,134,132,23,223,312,25,NA,NA,NA,NA,NA,NA,689.343,NA,3.46264,NA,NA,NA,NA,NA,NA,NA
AD_CS2_134_132_23,AP,134,132,23,223,NA,27,NA,NA,NA,NA,NA,NA,958.45,NA,4.67081,NA,NA,NA,NA,NA,NA,NA
AD_CS2_134_132_23,C,134,132,23,223,312,25.5,NA,NA,NA,NA,NA,NA,NA,NA,NA,4704.273743,1.817258883,10.96785,0.055674365,17.96158773,29.96789509,0.469620457
AD_CS2_134_132_23,OF,134,132,23,223,307,27,0,197,4.68,4.68,1,0,NA,0,NA,NA,NA,NA,NA,NA,NA,NA
AD_CS2_134_132_23,OF,134,132,23,223,NA,26,1.16,186.16,16.56,17.72,26,482.676,NA,2.4299,NA,NA,NA,NA,NA,NA,NA,NA
AD_CS2_134_132_27,AP,134,132,27,227,NA,27,NA,NA,NA,NA,NA,NA,379.433,NA,1.93312,NA,NA,NA,NA,NA,NA,NA
AD_CS2_134_132_27,AP,134,132,27,227,596,25,NA,NA,NA,NA,NA,NA,407.996,NA,1.96568,NA,NA,NA,NA,NA,NA,NA
AD_CS2_134_132_27,C,134,132,27,227,NA,NA,NA,NA,NA,NA,NA,NA,NA,NA,NA,NA,NA,NA,NA,NA,NA,NA
AD_CS2_134_132_27,OF,134,132,27,227,514,26,0,207.28,0,0,15,81.6796,NA,0.39413,NA,NA,NA,NA,NA,NA,NA,NA
AD_CS2_134_132_27,OF,134,132,27,227,NA,27,3.28,161.44,0,3.28,30,401.241,NA,2.00701,NA,NA,NA,NA,NA,NA,NA,NA
AD_CS2_134_132_29,AP,134,132,29,229,332,25,NA,NA,NA,NA,NA,NA,195.474,NA,0.964066,NA,NA,NA,NA,NA,NA,NA
AD_CS2_134_132_29,AP,134,132,29,229,NA,27,NA,NA,NA,NA,NA,NA,480.113,NA,2.32658,NA,NA,NA,NA,NA,NA,NA
AD_CS2_134_132_29,C,134,132,29,229,NA,NA,NA,NA,NA,NA,NA,NA,NA,NA,NA,NA,NA,NA,NA,NA,NA,NA
AD_CS2_134_132_29,OF,134,132,29,229,326,25,0,203.84,0,0,20,404.004,NA,1.94495,NA,NA,NA,NA,NA,NA,NA,NA
AD_CS2_134_132_29,OF,134,132,29,229,NA,26,0,195.96,5.6,5.6,22,405.721,NA,1.97182,NA,NA,NA,NA,NA,NA,NA,NA
AD_CS2_151_143_30,AP,151,143,30,230,NA,27,NA,NA,NA,NA,NA,NA,808.767,NA,3.88084,NA,NA,NA,NA,NA,NA,NA
AD_CS2_151_143_30,AP,151,143,30,230,523,26,NA,NA,NA,NA,NA,NA,781.767,NA,3.94673,NA,NA,NA,NA,NA,NA,NA
AD_CS2_151_143_30,C,151,143,30,230,523,26.5,NA,NA,NA,NA,NA,NA,NA,NA,NA,4484.42623,1.855513308,17.66005,0.067148479,14.89237007,24.30764129,0.318766996
AD_CS2_151_143_30,OF,151,143,30,230,524,26,0.96,193.16,0,0.96,34,797.166,NA,3.86823,NA,NA,NA,NA,NA,NA,NA,NA
AD_CS2_151_143_30,OF,151,143,30,230,NA,27,1.72,179,0,1.72,34,768.552,NA,4.05355,NA,NA,NA,NA,NA,NA,NA,NA
AD_CS2_134_132_31,AP,134,132,31,231,NA,27,NA,NA,NA,NA,NA,NA,NA,NA,NA,NA,NA,NA,NA,NA,NA,NA
AD_CS2_134_132_31,AP,134,132,31,231,524,26,NA,NA,NA,NA,NA,NA,454.45,NA,2.2277,NA,NA,NA,NA,NA,NA,NA
AD_CS2_134_132_31,C,134,132,31,231,NA,NA,NA,NA,NA,NA,NA,NA,NA,NA,NA,NA,NA,NA,NA,NA,NA,NA
AD_CS2_134_132_31,OF,134,132,31,231,487,26,1.76,186.48,0,1.76,29,336.255,NA,1.59302,NA,NA,NA,NA,NA,NA,NA,NA
AD_CS2_134_132_31,OF,134,132,31,231,NA,27,1.76,167.56,6.64,8.4,25,328.759,NA,1.71981,NA,NA,NA,NA,NA,NA,NA,NA
AD_CS2_151_143_32,AP,151,143,32,232,NA,27,NA,NA,NA,NA,NA,NA,312.025,NA,1.52744,NA,NA,NA,NA,NA,NA,NA
AD_CS2_151_143_32,AP,151,143,32,232,406,25,NA,NA,NA,NA,NA,NA,606.38,NA,3.0502,NA,NA,NA,NA,NA,NA,NA
AD_CS2_151_143_32,C,151,143,32,232,406,26.5,NA,NA,NA,NA,NA,NA,NA,NA,NA,4362.95082,1.794117647,2.13383,0.062759706,15.93379041,23.65428953,0.234432941
AD_CS2_151_143_32,OF,151,143,32,232,NA,27,0,201.96,0,0,20,418.655,NA,2.04461,NA,NA,NA,NA,NA,NA,NA,NA
AD_CS2_151_143_32,OF,151,143,32,232,412,27,0,186.6,20.16,20.16,22,504.629,NA,2.65538,NA,NA,NA,NA,NA,NA,NA,NA
AD_CS2_151_143_33,AP,151,143,33,233,NA,27,NA,NA,NA,NA,NA,NA,163.533,NA,0.833164,NA,NA,NA,NA,NA,NA,NA
AD_CS2_151_143_33,AP,151,143,33,233,434,26,NA,NA,NA,NA,NA,NA,252.541,NA,1.2377,NA,NA,NA,NA,NA,NA,NA
AD_CS2_151_143_33,C,151,143,33,233,434,26.5,NA,NA,NA,NA,NA,NA,NA,NA,NA,4196.800292,1.965616046,46.04961,0.065973653,15.15756594,29.07734398,0.499953739
AD_CS2_151_143_33,OF,151,143,33,233,420,26,0,203.84,0,0,21,167.214,NA,0.800524,NA,NA,NA,NA,NA,NA,NA,NA
AD_CS2_151_143_33,OF,151,143,33,233,NA,26,3.6,191.2,16.04,19.64,30,251.641,NA,1.18208,NA,NA,NA,NA,NA,NA,NA,NA
AD_CS2_151_143_34,AP,151,143,34,234,511,25,NA,NA,NA,NA,NA,NA,306.491,NA,1.53583,NA,NA,NA,NA,NA,NA,NA
AD_CS2_151_143_34,AP,151,143,34,234,NA,27,NA,NA,NA,NA,NA,NA,395.764,NA,2.02582,NA,NA,NA,NA,NA,NA,NA
AD_CS2_151_143_34,C,151,143,34,234,NA,NA,NA,NA,NA,NA,NA,NA,NA,NA,NA,NA,NA,NA,NA,NA,NA,NA
AD_CS2_151_143_34,OF,151,143,34,234,NA,26,0,203.36,0,0,25,320.364,NA,1.50491,NA,NA,NA,NA,NA,NA,NA,NA
AD_CS2_151_143_34,OF,151,143,34,234,523,26,1.48,199.64,0,1.48,17,91.8918,NA,0.446163,NA,NA,NA,NA,NA,NA,NA,NA
AD_CS2_134_132_35,AP,134,132,35,235,523,26,NA,NA,NA,NA,NA,NA,125.386,NA,0.627557,NA,NA,NA,NA,NA,NA,NA
AD_CS2_134_132_35,AP,134,132,35,235,NA,26,NA,NA,NA,NA,NA,NA,219.988,NA,1.07165,NA,NA,NA,NA,NA,NA,NA
AD_CS2_134_132_35,C,134,132,35,235,NA,NA,NA,NA,NA,NA,NA,NA,NA,NA,NA,NA,NA,NA,NA,NA,NA,NA
AD_CS2_134_132_35,OF,134,132,35,235,494,26,3.8,182.24,0,3.8,31,385.275,NA,1.85872,NA,NA,NA,NA,NA,NA,NA,NA
AD_CS2_134_132_35,OF,134,132,35,235,NA,26,11.64,147.76,15.2,26.84,31,318.724,NA,1.54961,NA,NA,NA,NA,NA,NA,NA,NA
AD_CS2_134_132_36,AP,134,132,36,236,406,25,NA,NA,NA,NA,NA,NA,NA,NA,NA,NA,NA,NA,NA,NA,NA,NA
AD_CS2_134_132_36,AP,134,132,36,236,NA,27,NA,NA,NA,NA,NA,NA,253.549,NA,1.23562,NA,NA,NA,NA,NA,NA,NA
AD_CS2_134_132_36,C,134,132,36,236,NA,NA,NA,NA,NA,NA,NA,NA,NA,NA,NA,NA,NA,NA,NA,NA,NA,NA
AD_CS2_134_132_36,OF,134,132,36,236,417,25,0,185.96,0,0,23,208.844,NA,1.0294,NA,NA,NA,NA,NA,NA,NA,NA
AD_CS2_134_132_36,OF,134,132,36,236,NA,27,3.6,193.6,0,3.6,29,306.18,NA,1.48372,NA,NA,NA,NA,NA,NA,NA,NA
AD_CS2_134_132_37,AP,134,132,37,237,554,25,NA,NA,NA,NA,NA,NA,195.195,NA,0.96269,NA,NA,NA,NA,NA,NA,NA
AD_CS2_134_132_37,AP,134,132,37,237,NA,26,NA,NA,NA,NA,NA,NA,539.748,NA,2.63035,NA,NA,NA,NA,NA,NA,NA
AD_CS2_134_132_37,C,134,132,37,237,NA,NA,NA,NA,NA,NA,NA,NA,NA,NA,NA,NA,NA,NA,NA,NA,NA,NA
AD_CS2_134_132_37,OF,134,132,37,237,NA,27,2.6,125.52,0,2.6,27,246.339,NA,1.39206,NA,NA,NA,NA,NA,NA,NA,NA
AD_CS2_134_132_37,OF,134,132,37,237,515,27,3.16,158.88,20.32,23.48,23,370.717,NA,1.93203,NA,NA,NA,NA,NA,NA,NA,NA
AD_CS2_147_143_38,AP,147,143,38,238,792,26,NA,NA,NA,NA,NA,NA,384.098,NA,1.95849,NA,NA,NA,NA,NA,NA,NA
AD_CS2_147_143_38,AP,147,143,38,238,NA,27,NA,NA,NA,NA,NA,NA,408.923,NA,1.97433,NA,NA,NA,NA,NA,NA,NA
AD_CS2_147_143_38,C,147,143,38,238,NA,NA,NA,NA,NA,NA,NA,NA,NA,NA,NA,NA,NA,NA,NA,NA,NA,NA
AD_CS2_147_143_38,OF,147,143,38,238,NA,27,0,207.6,0,0,20,169.968,NA,0.79887,NA,NA,NA,NA,NA,NA,NA,NA
AD_CS2_147_143_38,OF,147,143,38,238,672,27,3.04,170.96,25.24,28.28,30,437.67,NA,2.28096,NA,NA,NA,NA,NA,NA,NA,NA
AD_CS2_102_114_44,AP,102,114,44,244,750,25,NA,NA,NA,NA,NA,NA,343.222,NA,1.70316,NA,NA,NA,NA,NA,NA,NA
AD_CS2_102_114_44,AP,102,114,44,244,NA,26,NA,NA,NA,NA,NA,NA,508.862,NA,2.4659,NA,NA,NA,NA,NA,NA,NA
AD_CS2_102_114_44,C,102,114,44,244,NA,NA,NA,NA,NA,NA,NA,NA,NA,NA,NA,NA,NA,NA,NA,NA,NA,NA
AD_CS2_102_114_44,OF,102,114,44,244,NA,27,0,0.72,0,0,1,0,NA,0,NA,NA,NA,NA,NA,NA,NA,NA
AD_CS2_102_114_44,OF,102,114,44,244,671,26,0,208.92,0,0,1,0,NA,0,NA,NA,NA,NA,NA,NA,NA,NA
AD_CS2_102_114_45,AP,102,114,45,245,NA,27,NA,NA,NA,NA,NA,NA,NA,NA,NA,NA,NA,NA,NA,NA,NA,NA
AD_CS2_102_114_45,AP,102,114,45,245,325,25,NA,NA,NA,NA,NA,NA,541.757,NA,2.62428,NA,NA,NA,NA,NA,NA,NA
AD_CS2_102_114_45,C,102,114,45,245,325,26.5,NA,NA,NA,NA,NA,NA,NA,NA,NA,4630.216763,2.337837838,23.57789,0.079655034,12.5541344,30.43672186,0.637093446
AD_CS2_102_114_45,OF,102,114,45,245,NA,27,0,198,0,0,1,0,NA,0,NA,NA,NA,NA,NA,NA,NA,NA
AD_CS2_102_114_45,OF,102,114,45,245,326,25,0,200.6,0,0,20,206.33,NA,1.02224,NA,NA,NA,NA,NA,NA,NA,NA
AD_CS2_102_114_51,AP,102,114,51,251,NA,27,NA,NA,NA,NA,NA,NA,375.941,NA,1.85083,NA,NA,NA,NA,NA,NA,NA
AD_CS2_102_114_51,AP,102,114,51,251,618,26,NA,NA,NA,NA,NA,NA,436.998,NA,2.23186,NA,NA,NA,NA,NA,NA,NA
AD_CS2_102_114_51,C,102,114,51,251,NA,NA,NA,NA,NA,NA,NA,NA,NA,NA,NA,NA,NA,NA,NA,NA,NA,NA
AD_CS2_102_114_51,OF,102,114,51,251,577,27,0,195.6,16.48,16.48,13,73.9233,NA,0.373577,NA,NA,NA,NA,NA,NA,NA,NA
AD_CS2_102_114_51,OF,102,114,51,251,NA,27,0,178.8,36.8,36.8,21,476.777,NA,2.57106,NA,NA,NA,NA,NA,NA,NA,NA
AD_CS2_102_114_52,AP,102,114,52,252,NA,27,NA,NA,NA,NA,NA,NA,NA,NA,NA,NA,NA,NA,NA,NA,NA,NA
AD_CS2_102_114_52,AP,102,114,52,252,767,25,NA,NA,NA,NA,NA,NA,569.013,NA,2.74408,NA,NA,NA,NA,NA,NA,NA
AD_CS2_102_114_52,C,102,114,52,252,NA,NA,NA,NA,NA,NA,NA,NA,NA,NA,NA,NA,NA,NA,NA,NA,NA,NA
AD_CS2_102_114_52,OF,102,114,52,252,710,27,5.8,166.2,0,5.8,13,68.2581,NA,0.346206,NA,NA,NA,NA,NA,NA,NA,NA
AD_CS2_102_114_52,OF,102,114,52,252,NA,27,2.48,183.2,13.88,16.36,30,586.482,NA,2.84258,NA,NA,NA,NA,NA,NA,NA,NA
AD_CS2_102_114_54,AP,102,114,54,254,322,26,NA,NA,NA,NA,NA,NA,363.03,NA,1.78974,NA,NA,NA,NA,NA,NA,NA
AD_CS2_102_114_54,AP,102,114,54,254,NA,26,NA,NA,NA,NA,NA,NA,388.316,NA,1.89867,NA,NA,NA,NA,NA,NA,NA
AD_CS2_102_114_54,C,102,114,54,254,322,25,NA,NA,NA,NA,NA,NA,NA,NA,NA,4175.625,2.285714286,0.66016,0.094308571,10.60349006,27.46205412,0.270781429
AD_CS2_102_114_54,OF,102,114,54,254,332,26,0.2,199.04,0,0.2,28,390.079,NA,1.86748,NA,NA,NA,NA,NA,NA,NA,NA
AD_CS2_102_114_54,OF,102,114,54,254,NA,27,0,11.16,32.24,32.24,1,0,NA,0,NA,NA,NA,NA,NA,NA,NA,NA
AD_CS2_102_114_57,AP,102,114,57,257,NA,27,NA,NA,NA,NA,NA,NA,634.365,NA,3.07109,NA,NA,NA,NA,NA,NA,NA
AD_CS2_102_114_57,AP,102,114,57,257,332,26,NA,NA,NA,NA,NA,NA,645.923,NA,3.1694,NA,NA,NA,NA,NA,NA,NA
AD_CS2_102_114_57,C,102,114,57,257,NA,NA,NA,NA,NA,NA,NA,NA,NA,NA,NA,NA,NA,NA,NA,NA,NA,NA
AD_CS2_102_114_57,OF,102,114,57,257,336,26,0,210,0,0,1,0,NA,0,NA,NA,NA,NA,NA,NA,NA,NA
AD_CS2_102_114_57,OF,102,114,57,257,NA,27,0,197.76,0,0,26,297.864,NA,1.43701,NA,NA,NA,NA,NA,NA,NA,NA
AD_CS2_102_114_62,AP,102,114,62,262,NA,27,NA,NA,NA,NA,NA,NA,496.809,NA,2.43773,NA,NA,NA,NA,NA,NA,NA
AD_CS2_102_114_62,AP,102,114,62,262,577,25,NA,NA,NA,NA,NA,NA,495.227,NA,2.48758,NA,NA,NA,NA,NA,NA,NA
AD_CS2_102_114_62,C,102,114,62,262,NA,NA,NA,NA,NA,NA,NA,NA,NA,NA,NA,NA,NA,NA,NA,NA,NA,NA
AD_CS2_102_114_62,OF,102,114,62,262,NA,26,0,196.4,0.96,0.96,20,239.167,NA,1.16281,NA,NA,NA,NA,NA,NA,NA,NA
AD_CS2_102_114_62,OF,102,114,62,262,565,25,6.84,175.64,0,6.84,31,263.634,NA,1.30538,NA,NA,NA,NA,NA,NA,NA,NA
AD_CS2_102_114_67,AP,102,114,67,267,NA,27,NA,NA,NA,NA,NA,NA,NA,NA,NA,NA,NA,NA,NA,NA,NA,NA
AD_CS2_102_114_67,AP,102,114,67,267,521,26,NA,NA,NA,NA,NA,NA,304.502,NA,1.44753,NA,NA,NA,NA,NA,NA,NA
AD_CS2_102_114_67,C,102,114,67,267,NA,NA,NA,NA,NA,NA,NA,NA,NA,NA,NA,NA,NA,NA,NA,NA,NA,NA
AD_CS2_102_114_67,OF,102,114,67,267,503,25,4.64,175.96,0,4.64,28,246.52,NA,1.18702,NA,NA,NA,NA,NA,NA,NA,NA
AD_CS2_102_114_67,OF,102,114,67,267,NA,27,0,187.04,9,9,24,402.438,NA,2.09254,NA,NA,NA,NA,NA,NA,NA,NA
AD_CS2_102_114_69,AP,102,114,69,269,NA,27,NA,NA,NA,NA,NA,NA,386.171,NA,1.86232,NA,NA,NA,NA,NA,NA,NA
AD_CS2_102_114_69,AP,102,114,69,269,415,25,NA,NA,NA,NA,NA,NA,563.229,NA,2.81953,NA,NA,NA,NA,NA,NA,NA
AD_CS2_102_114_69,C,102,114,69,269,415,26.5,NA,NA,NA,NA,NA,NA,NA,NA,NA,4717.594255,2.032846715,17.35996,0.063357518,15.78344651,32.48733682,0.508371971
AD_CS2_102_114_69,OF,102,114,69,269,NA,27,0,50.16,0,0,1,0,NA,0,NA,NA,NA,NA,NA,NA,NA,NA
AD_CS2_102_114_69,OF,102,114,69,269,428,25,3.08,188.4,0,3.08,33,668.536,NA,3.21845,NA,NA,NA,NA,NA,NA,NA,NA
AD_CS2_102_114_73,AP,102,114,73,273,NA,27,NA,NA,NA,NA,NA,NA,201.808,NA,0.955351,NA,NA,NA,NA,NA,NA,NA
AD_CS2_102_114_73,AP,102,114,73,273,396,25,NA,NA,NA,NA,NA,NA,267.401,NA,1.34319,NA,NA,NA,NA,NA,NA,NA
AD_CS2_102_114_73,C,102,114,73,273,NA,NA,NA,NA,NA,NA,NA,NA,NA,NA,NA,NA,NA,NA,NA,NA,NA,NA
AD_CS2_102_114_73,OF,102,114,73,273,377,26,0,204.16,0,0,20,324.23,NA,1.5594,NA,NA,NA,NA,NA,NA,NA,NA
AD_CS2_102_114_73,OF,102,114,73,273,NA,27,2.04,182.08,13.24,15.28,33,430.779,NA,2.16951,NA,NA,NA,NA,NA,NA,NA,NA
AD_CS2_102_114_76,AP,102,114,76,276,NA,26,NA,NA,NA,NA,NA,NA,1.01142,NA,0.00491841,NA,NA,NA,NA,NA,NA,NA
AD_CS2_102_114_76,AP,102,114,76,276,NA,25,NA,NA,NA,NA,NA,NA,NA,NA,NA,NA,NA,NA,NA,NA,NA,NA
AD_CS2_102_114_76,C,102,114,76,276,NA,NA,NA,NA,NA,NA,NA,NA,NA,NA,NA,NA,NA,NA,NA,NA,NA,NA
AD_CS2_102_114_76,OF,102,114,76,276,NA,27,1.12,190.44,9.8,10.92,24,372.499,NA,1.80544,NA,NA,NA,NA,NA,NA,NA,NA
AD_CS2_102_114_76,OF,102,114,76,276,NA,26,NA,NA,NA,NA,NA,NA,NA,NA,NA,NA,NA,NA,NA,NA,NA,NA
AD_CS2_102_114_81,AP,102,114,81,281,NA,27,NA,NA,NA,NA,NA,NA,386.215,NA,1.88655,NA,NA,NA,NA,NA,NA,NA
AD_CS2_102_114_81,AP,102,114,81,281,364,25,NA,NA,NA,NA,NA,NA,518.569,NA,2.48024,NA,NA,NA,NA,NA,NA,NA
AD_CS2_102_114_81,C,102,114,81,281,364,26,NA,NA,NA,NA,NA,NA,NA,NA,NA,3885.992835,1.939042821,129.99702,0.065489683,15.2695808,29.20124088,0.331599723
AD_CS2_102_114_81,OF,102,114,81,281,363,26,3.48,197.92,0,3.48,28,319.537,NA,1.52976,NA,NA,NA,NA,NA,NA,NA,NA
AD_CS2_102_114_81,OF,102,114,81,281,NA,27,3.92,168.64,13.36,17.28,30,480.452,NA,2.58307,NA,NA,NA,NA,NA,NA,NA,NA
AD_CS2_102_114_83,AP,102,114,83,283,713,26,NA,NA,NA,NA,NA,NA,1.0007,NA,0.00626533,NA,NA,NA,NA,NA,NA,NA
AD_CS2_102_114_83,AP,102,114,83,283,NA,27,NA,NA,NA,NA,NA,NA,383.24,NA,1.83509,NA,NA,NA,NA,NA,NA,NA
AD_CS2_102_114_83,C,102,114,83,283,NA,NA,NA,NA,NA,NA,NA,NA,NA,NA,NA,NA,NA,NA,NA,NA,NA,NA
AD_CS2_102_114_83,OF,102,114,83,283,565,26,0.44,186.44,0,0.44,29,205.48,NA,0.988264,NA,NA,NA,NA,NA,NA,NA,NA
AD_CS2_102_114_83,OF,102,114,83,283,NA,27,0,197.04,4.92,4.92,23,333.945,NA,1.62583,NA,NA,NA,NA,NA,NA,NA,NA
AD_CS2_102_114_88,AP,102,114,88,288,NA,27,NA,NA,NA,NA,NA,NA,NA,NA,NA,NA,NA,NA,NA,NA,NA,NA
AD_CS2_102_114_88,AP,102,114,88,288,489,26,NA,NA,NA,NA,NA,NA,485.249,NA,2.30983,NA,NA,NA,NA,NA,NA,NA
AD_CS2_102_114_88,C,102,114,88,288,NA,NA,NA,NA,NA,NA,NA,NA,NA,NA,NA,NA,NA,NA,NA,NA,NA,NA
AD_CS2_102_114_88,OF,102,114,88,288,435,26,0,200.96,19.2,19.2,17,170.195,NA,0.832169,NA,NA,NA,NA,NA,NA,NA,NA
AD_CS2_102_114_88,OF,102,114,88,288,NA,27,0,204.8,21.04,21.04,1,0,NA,0,NA,NA,NA,NA,NA,NA,NA,NA
AD_CS2_102_114_91,AP,102,114,91,291,NA,27,NA,NA,NA,NA,NA,NA,234.367,NA,1.1099,NA,NA,NA,NA,NA,NA,NA
AD_CS2_102_114_91,AP,102,114,91,291,349,26,NA,NA,NA,NA,NA,NA,380.166,NA,1.80962,NA,NA,NA,NA,NA,NA,NA
AD_CS2_102_114_91,C,102,114,91,291,NA,NA,NA,NA,NA,NA,NA,NA,NA,NA,NA,NA,NA,NA,NA,NA,NA,NA
AD_CS2_102_114_91,OF,102,114,91,291,NA,27,0,204.76,0,0,20,231.055,NA,1.1147,NA,NA,NA,NA,NA,NA,NA,NA
AD_CS2_102_114_91,OF,102,114,91,291,347,25,7.6,127.48,0,7.6,21,176.478,NA,1.21041,NA,NA,NA,NA,NA,NA,NA,NA
AD_CS2_102_114_93,AP,102,114,93,293,NA,26,NA,NA,NA,NA,NA,NA,351.257,NA,1.70812,NA,NA,NA,NA,NA,NA,NA
AD_CS2_102_114_93,AP,102,114,93,293,312,25,NA,NA,NA,NA,NA,NA,449.085,NA,2.15823,NA,NA,NA,NA,NA,NA,NA
AD_CS2_102_114_93,C,102,114,93,293,312,26.5,NA,NA,NA,NA,NA,NA,NA,NA,NA,4410.65093,1.751879699,41.68945,0.052242419,19.14153341,30.32976966,0.237710276
AD_CS2_102_114_93,OF,102,114,93,293,NA,27,1.68,201.6,0,1.68,29,417.725,NA,1.99563,NA,NA,NA,NA,NA,NA,NA,NA
AD_CS2_102_114_93,OF,102,114,93,293,324,27,0,190.92,19.48,19.48,19,103.588,NA,0.53986,NA,NA,NA,NA,NA,NA,NA,NA
AD_CS2_102_114_95,AP,102,114,95,295,355,26,NA,NA,NA,NA,NA,NA,353.74,NA,1.80369,NA,NA,NA,NA,NA,NA,NA
AD_CS2_102_114_95,AP,102,114,95,295,NA,27,NA,NA,NA,NA,NA,NA,659.009,NA,3.09627,NA,NA,NA,NA,NA,NA,NA
AD_CS2_102_114_95,C,102,114,95,295,355,26,NA,NA,NA,NA,NA,NA,NA,NA,NA,4426.573034,1.711538462,4.13495,0.039759135,25.15145286,36.97595367,0.264707885
AD_CS2_102_114_95,OF,102,114,95,295,380,27,0.36,184.64,0,0.36,25,326.311,NA,1.68828,NA,NA,NA,NA,NA,NA,NA,NA
AD_CS2_102_114_95,OF,102,114,95,295,NA,27,0,206.48,9.92,9.92,20,242.794,NA,1.14117,NA,NA,NA,NA,NA,NA,NA,NA
AD_CS2_102_114_96,AP,102,114,96,296,415,25,NA,NA,NA,NA,NA,NA,378.051,NA,1.31652,NA,NA,NA,NA,NA,NA,NA
AD_CS2_102_114_96,AP,102,114,96,296,NA,27,NA,NA,NA,NA,NA,NA,551.618,NA,2.77474,NA,NA,NA,NA,NA,NA,NA
AD_CS2_102_114_96,C,102,114,96,296,NA,NA,NA,NA,NA,NA,NA,NA,NA,NA,NA,NA,NA,NA,NA,NA,NA,NA
AD_CS2_102_114_96,OF,102,114,96,296,389,25,0,201.68,0,0,22,329.239,NA,1.58501,NA,NA,NA,NA,NA,NA,NA,NA
AD_CS2_102_114_96,OF,102,114,96,296,NA,26,13.84,161.96,0,13.84,33,500.751,NA,2.32734,NA,NA,NA,NA,NA,NA,NA,NA
AD_CS2_102_114_97,AP,102,114,97,297,588,25,NA,NA,NA,NA,NA,NA,584.901,NA,2.95285,NA,NA,NA,NA,NA,NA,NA
AD_CS2_102_114_97,AP,102,114,97,297,NA,27,NA,NA,NA,NA,NA,NA,926.016,NA,4.40038,NA,NA,NA,NA,NA,NA,NA
AD_CS2_102_114_97,C,102,114,97,297,NA,NA,NA,NA,NA,NA,NA,NA,NA,NA,NA,NA,NA,NA,NA,NA,NA,NA
AD_CS2_102_114_97,OF,102,114,97,297,NA,26,0,210.04,0,0,1,0,NA,0,NA,NA,NA,NA,NA,NA,NA,NA
AD_CS2_102_114_97,OF,102,114,97,297,543,26,0,198.8,0,0,30,675.694,NA,3.17466,NA,NA,NA,NA,NA,NA,NA,NA
AD_CS2_102_114_98,AP,102,114,98,298,NA,27,NA,NA,NA,NA,NA,NA,158.125,NA,0.753405,NA,NA,NA,NA,NA,NA,NA
AD_CS2_102_114_98,AP,102,114,98,298,513,26,NA,NA,NA,NA,NA,NA,337.755,NA,1.65534,NA,NA,NA,NA,NA,NA,NA
AD_CS2_102_114_98,C,102,114,98,298,NA,NA,NA,NA,NA,NA,NA,NA,NA,NA,NA,NA,NA,NA,NA,NA,NA,NA
AD_CS2_102_114_98,OF,102,114,98,298,510,26,4,175.44,0,4,32,393.64,NA,1.91982,NA,NA,NA,NA,NA,NA,NA,NA
AD_CS2_102_114_98,OF,102,114,98,298,NA,27,0,205.92,14.96,14.96,2,7.16189,NA,0.0347867,NA,NA,NA,NA,NA,NA,NA,NA
AD_CS2_134_132_100,AP,134,132,100,300,NA,26,NA,NA,NA,NA,NA,NA,422.543,NA,2.04009,NA,NA,NA,NA,NA,NA,NA
AD_CS2_134_132_100,AP,134,132,100,300,508,25,NA,NA,NA,NA,NA,NA,480.782,NA,2.29863,NA,NA,NA,NA,NA,NA,NA
AD_CS2_134_132_100,C,134,132,100,300,NA,NA,NA,NA,NA,NA,NA,NA,NA,NA,NA,NA,NA,NA,NA,NA,NA,NA
AD_CS2_134_132_100,OF,134,132,100,300,NA,27,0.88,203.08,6.64,7.52,23,260.529,NA,1.2684,NA,NA,NA,NA,NA,NA,NA,NA
AD_CS2_134_132_100,OF,134,132,100,300,440,27,1.24,174.24,8.56,9.8,30,275.968,NA,1.39462,NA,NA,NA,NA,NA,NA,NA,NA
AD_CS2_134_132_102,AP,134,132,102,302,336,26,NA,NA,NA,NA,NA,NA,453.532,NA,2.22189,NA,NA,NA,NA,NA,NA,NA
AD_CS2_134_132_102,AP,134,132,102,302,NA,27,NA,NA,NA,NA,NA,NA,499.025,NA,2.4319,NA,NA,NA,NA,NA,NA,NA
AD_CS2_134_132_102,C,134,132,102,302,NA,NA,NA,NA,NA,NA,NA,NA,NA,NA,NA,NA,NA,NA,NA,NA,NA,NA
AD_CS2_134_132_102,OF,134,132,102,302,339,26,1.64,172.08,0,1.64,32,531.966,NA,2.61897,NA,NA,NA,NA,NA,NA,NA,NA
AD_CS2_134_132_102,OF,134,132,102,302,NA,27,0,210.28,48.88,48.88,21,283.423,NA,1.32738,NA,NA,NA,NA,NA,NA,NA,NA
AD_CS2_134_132_103,AP,134,132,103,303,NA,27,NA,NA,NA,NA,NA,NA,350.061,NA,1.69079,NA,NA,NA,NA,NA,NA,NA
AD_CS2_134_132_103,AP,134,132,103,303,615,25,NA,NA,NA,NA,NA,NA,481.876,NA,2.31582,NA,NA,NA,NA,NA,NA,NA
AD_CS2_134_132_103,C,134,132,103,303,NA,NA,NA,NA,NA,NA,NA,NA,NA,NA,NA,NA,NA,NA,NA,NA,NA,NA
AD_CS2_134_132_103,OF,134,132,103,303,616,25,4.88,177.48,0,4.88,31,363.415,NA,1.75529,NA,NA,NA,NA,NA,NA,NA,NA
AD_CS2_134_132_103,OF,134,132,103,303,NA,26,0,180.68,8.2,8.2,26,376.36,NA,1.94965,NA,NA,NA,NA,NA,NA,NA,NA
AD_CS2_134_132_104,AP,134,132,104,304,504,25,NA,NA,NA,NA,NA,NA,NA,NA,NA,NA,NA,NA,NA,NA,NA,NA
AD_CS2_134_132_104,AP,134,132,104,304,NA,26,NA,NA,NA,NA,NA,NA,569.208,NA,2.78205,NA,NA,NA,NA,NA,NA,NA
AD_CS2_134_132_104,C,134,132,104,304,NA,NA,NA,NA,NA,NA,NA,NA,NA,NA,NA,NA,NA,NA,NA,NA,NA,NA
AD_CS2_134_132_104,OF,134,132,104,304,NA,27,0,208.44,0,0,1,0,NA,0,NA,NA,NA,NA,NA,NA,NA,NA
AD_CS2_134_132_104,OF,134,132,104,304,474,27,5.24,165.88,0,5.24,27,271.676,NA,1.37795,NA,NA,NA,NA,NA,NA,NA,NA
AD_CS2_134_132_105,AP,134,132,105,305,NA,27,NA,NA,NA,NA,NA,NA,238.579,NA,1.13717,NA,NA,NA,NA,NA,NA,NA
AD_CS2_134_132_105,AP,134,132,105,305,271,25,NA,NA,NA,NA,NA,NA,354.198,NA,1.77774,NA,NA,NA,NA,NA,NA,NA
AD_CS2_134_132_105,C,134,132,105,305,271,25,NA,NA,NA,NA,NA,NA,NA,NA,NA,4678.255814,1.823321555,18.66356,0.065948975,15.16323788,25.72952201,0.283401449
AD_CS2_134_132_105,OF,134,132,105,305,277,26,14.52,164.6,0,14.52,33,425.03,NA,2.07372,NA,NA,NA,NA,NA,NA,NA,NA
AD_CS2_134_132_105,OF,134,132,105,305,NA,26,2.64,191.08,29.84,32.48,28,422.591,NA,2.08296,NA,NA,NA,NA,NA,NA,NA,NA
AD_CS2_147_143_106,AP,147,143,106,306,548,25,NA,NA,NA,NA,NA,NA,206.851,NA,0.720635,NA,NA,NA,NA,NA,NA,NA
AD_CS2_147_143_106,AP,147,143,106,306,NA,27,NA,NA,NA,NA,NA,NA,278.627,NA,1.34576,NA,NA,NA,NA,NA,NA,NA
AD_CS2_147_143_106,C,147,143,106,306,NA,NA,NA,NA,NA,NA,NA,NA,NA,NA,NA,NA,NA,NA,NA,NA,NA,NA
AD_CS2_147_143_106,OF,147,143,106,306,NA,26,0,200.76,0,0,18,86.8372,NA,0.413511,NA,NA,NA,NA,NA,NA,NA,NA
AD_CS2_147_143_106,OF,147,143,106,306,515,26,4.92,131.28,0,4.92,30,261.919,NA,1.2636,NA,NA,NA,NA,NA,NA,NA,NA
AD_CS2_147_143_108,AP,147,143,108,308,NA,27,NA,NA,NA,NA,NA,NA,321.39,NA,1.6301,NA,NA,NA,NA,NA,NA,NA
AD_CS2_147_143_108,AP,147,143,108,308,565,25,NA,NA,NA,NA,NA,NA,374.874,NA,1.84886,NA,NA,NA,NA,NA,NA,NA
AD_CS2_147_143_108,C,147,143,108,308,NA,NA,NA,NA,NA,NA,NA,NA,NA,NA,NA,NA,NA,NA,NA,NA,NA,NA
AD_CS2_147_143_108,OF,147,143,108,308,547,26,15.24,185.56,0,15.24,22,193.694,NA,0.939895,NA,NA,NA,NA,NA,NA,NA,NA
AD_CS2_147_143_108,OF,147,143,108,308,NA,27,16.04,174.56,22.64,38.68,27,207.626,NA,1.00966,NA,NA,NA,NA,NA,NA,NA,NA
AD_CS2_147_143_113,AP,147,143,113,313,NA,27,NA,NA,NA,NA,NA,NA,265.312,NA,1.34077,NA,NA,NA,NA,NA,NA,NA
AD_CS2_147_143_113,AP,147,143,113,313,422,26,NA,NA,NA,NA,NA,NA,330.093,NA,1.61779,NA,NA,NA,NA,NA,NA,NA
AD_CS2_147_143_113,C,147,143,113,313,422,25,NA,NA,NA,NA,NA,NA,NA,NA,NA,4599.560284,2.482394366,25.18416,0.08867662,11.27692963,28.76370154,0.395063415
AD_CS2_147_143_113,OF,147,143,113,313,404,26,0,99.4,2.68,2.68,20,136.572,NA,1.31218,NA,NA,NA,NA,NA,NA,NA,NA
AD_CS2_147_143_113,OF,147,143,113,313,NA,26,13.08,168.08,26,39.08,32,325.256,NA,1.57311,NA,NA,NA,NA,NA,NA,NA,NA
AD_CS2_147_143_114,AP,147,143,114,314,NA,27,NA,NA,NA,NA,NA,NA,359.858,NA,1.77585,NA,NA,NA,NA,NA,NA,NA
AD_CS2_147_143_114,AP,147,143,114,314,390,26,NA,NA,NA,NA,NA,NA,373.655,NA,1.88107,NA,NA,NA,NA,NA,NA,NA
AD_CS2_147_143_114,C,147,143,114,314,NA,NA,NA,NA,NA,NA,NA,NA,NA,NA,NA,NA,NA,NA,NA,NA,NA,NA
AD_CS2_147_143_114,OF,147,143,114,314,388,25,2.56,181.6,0,2.56,30,662.019,NA,3.20125,NA,NA,NA,NA,NA,NA,NA,NA
AD_CS2_147_143_114,OF,147,143,114,314,NA,27,0.92,182.92,2.4,3.32,31,418.832,NA,2.08914,NA,NA,NA,NA,NA,NA,NA,NA
AD_CS2_147_143_115,AP,147,143,115,315,581,26,NA,NA,NA,NA,NA,NA,NA,NA,NA,NA,NA,NA,NA,NA,NA,NA
AD_CS2_147_143_115,AP,147,143,115,315,NA,27,NA,NA,NA,NA,NA,NA,489.254,NA,2.36858,NA,NA,NA,NA,NA,NA,NA
AD_CS2_147_143_115,C,147,143,115,315,NA,NA,NA,NA,NA,NA,NA,NA,NA,NA,NA,NA,NA,NA,NA,NA,NA,NA
AD_CS2_147_143_115,OF,147,143,115,315,552,26,5.52,182.44,0,5.52,30,541.738,NA,2.62266,NA,NA,NA,NA,NA,NA,NA,NA
AD_CS2_147_143_115,OF,147,143,115,315,NA,26,8.68,186.72,13,21.68,30,373.289,NA,1.75451,NA,NA,NA,NA,NA,NA,NA,NA
AD_CS2_147_143_122,AP,147,143,122,322,463,25,NA,NA,NA,NA,NA,NA,497.977,NA,2.50139,NA,NA,NA,NA,NA,NA,NA
AD_CS2_147_143_122,AP,147,143,122,322,NA,27,NA,NA,NA,NA,NA,NA,573.468,NA,2.74282,NA,NA,NA,NA,NA,NA,NA
AD_CS2_147_143_122,C,147,143,122,322,NA,NA,NA,NA,NA,NA,NA,NA,NA,NA,NA,NA,NA,NA,NA,NA,NA,NA
AD_CS2_147_143_122,OF,147,143,122,322,430,26,1.72,191.12,0,1.72,32,557.079,NA,2.72384,NA,NA,NA,NA,NA,NA,NA,NA
AD_CS2_147_143_122,OF,147,143,122,322,NA,26,0,197.36,2.32,2.32,23,294.411,NA,1.39267,NA,NA,NA,NA,NA,NA,NA,NA
AD_CS2_147_143_126,AP,147,143,126,326,NA,27,NA,NA,NA,NA,NA,NA,409.152,NA,1.99625,NA,NA,NA,NA,NA,NA,NA
AD_CS2_147_143_126,AP,147,143,126,326,382,26,NA,NA,NA,NA,NA,NA,471.114,NA,2.3784,NA,NA,NA,NA,NA,NA,NA
AD_CS2_147_143_126,C,147,143,126,326,NA,NA,NA,NA,NA,NA,NA,NA,NA,NA,NA,NA,NA,NA,NA,NA,NA,NA
AD_CS2_147_143_126,OF,147,143,126,326,382,25,0,209.52,0,0,16,213.24,NA,1.01196,NA,NA,NA,NA,NA,NA,NA,NA
AD_CS2_147_143_126,OF,147,143,126,326,NA,27,1.28,201,0,1.28,27,275.642,NA,1.33573,NA,NA,NA,NA,NA,NA,NA,NA
AD_CS2_147_143_128,AP,147,143,128,328,NA,27,NA,NA,NA,NA,NA,NA,265.689,NA,1.3065,NA,NA,NA,NA,NA,NA,NA
AD_CS2_147_143_128,AP,147,143,128,328,285,26,NA,NA,NA,NA,NA,NA,499.011,NA,2.46255,NA,NA,NA,NA,NA,NA,NA
AD_CS2_147_143_128,C,147,143,128,328,285,25,NA,NA,NA,NA,NA,NA,NA,NA,NA,4614.779077,2.047904192,105.70513,0.070329428,14.21879903,29.4805467,0.302563593
AD_CS2_147_143_128,OF,147,143,128,328,NA,27,0,181.84,12.8,12.8,23,204.934,NA,1.02262,NA,NA,NA,NA,NA,NA,NA,NA
AD_CS2_147_143_128,OF,147,143,128,328,300,25,5.56,173.16,62.56,68.12,34,362.378,NA,1.79608,NA,NA,NA,NA,NA,NA,NA,NA
AD_CS2_147_143_129,AP,147,143,129,329,NA,26,NA,NA,NA,NA,NA,NA,224.518,NA,1.08442,NA,NA,NA,NA,NA,NA,NA
AD_CS2_147_143_129,AP,147,143,129,329,793,25,NA,NA,NA,NA,NA,NA,354.036,NA,1.77231,NA,NA,NA,NA,NA,NA,NA
AD_CS2_147_143_129,C,147,143,129,329,NA,NA,NA,NA,NA,NA,NA,NA,NA,NA,NA,NA,NA,NA,NA,NA,NA,NA
AD_CS2_147_143_129,OF,147,143,129,329,NA,26,3.84,181.96,15.8,19.64,32,253.073,NA,1.19713,NA,NA,NA,NA,NA,NA,NA,NA
AD_CS2_147_143_129,OF,147,143,129,329,729,27,0,192,26.2,26.2,1,0,NA,0,NA,NA,NA,NA,NA,NA,NA,NA
AD_CS2_147_143_130,AP,147,143,130,330,NA,27,NA,NA,NA,NA,NA,NA,246.699,NA,1.20083,NA,NA,NA,NA,NA,NA,NA
AD_CS2_147_143_130,AP,147,143,130,330,382,25,NA,NA,NA,NA,NA,NA,396.699,NA,1.92162,NA,NA,NA,NA,NA,NA,NA
AD_CS2_147_143_130,C,147,143,130,330,NA,NA,NA,NA,NA,NA,NA,NA,NA,NA,NA,NA,NA,NA,NA,NA,NA,NA
AD_CS2_147_143_130,OF,147,143,130,330,369,27,5.04,158.72,1.24,6.28,31,323.262,NA,1.65132,NA,NA,NA,NA,NA,NA,NA,NA
AD_CS2_147_143_130,OF,147,143,130,330,NA,26,36.48,162.64,3.56,40.04,24,204.208,NA,0.970204,NA,NA,NA,NA,NA,NA,NA,NA
AD_CS2_147_143_131,AP,147,143,131,331,NA,27,NA,NA,NA,NA,NA,NA,306.336,NA,1.53783,NA,NA,NA,NA,NA,NA,NA
AD_CS2_147_143_131,AP,147,143,131,331,721,25,NA,NA,NA,NA,NA,NA,431.964,NA,2.13126,NA,NA,NA,NA,NA,NA,NA
AD_CS2_147_143_131,C,147,143,131,331,NA,NA,NA,NA,NA,NA,NA,NA,NA,NA,NA,NA,NA,NA,NA,NA,NA,NA
AD_CS2_147_143_131,OF,147,143,131,331,709,26,0.84,195.96,0,0.84,26,145.782,NA,0.685969,NA,NA,NA,NA,NA,NA,NA,NA
AD_CS2_147_143_131,OF,147,143,131,331,NA,27,0,207.04,2.52,2.52,20,242.795,NA,1.16504,NA,NA,NA,NA,NA,NA,NA,NA
AD_CS2_147_143_132,AP,147,143,132,332,392,25,NA,NA,NA,NA,NA,NA,292.44,NA,1.40894,NA,NA,NA,NA,NA,NA,NA
AD_CS2_147_143_132,AP,147,143,132,332,NA,27,NA,NA,NA,NA,NA,NA,322.032,NA,1.53788,NA,NA,NA,NA,NA,NA,NA
AD_CS2_147_143_132,C,147,143,132,332,392,25,NA,NA,NA,NA,NA,NA,NA,NA,NA,4614.779077,2.047904192,105.70513,0.070329428,14.21879903,29.4805467,0.302563593
AD_CS2_147_143_132,OF,147,143,132,332,394,26,0,199.68,16.24,16.24,22,551.182,NA,2.67098,NA,NA,NA,NA,NA,NA,NA,NA
AD_CS2_147_143_132,OF,147,143,132,332,NA,27,0,205.2,17.32,17.32,20,155.268,NA,0.755049,NA,NA,NA,NA,NA,NA,NA,NA
AD_CS2_147_143_133,AP,147,143,133,333,NA,25,NA,NA,NA,NA,NA,NA,NA,NA,NA,NA,NA,NA,NA,NA,NA,NA
AD_CS2_147_143_133,AP,147,143,133,333,NA,27,NA,NA,NA,NA,NA,NA,313.103,NA,1.48785,NA,NA,NA,NA,NA,NA,NA
AD_CS2_147_143_133,C,147,143,133,333,NA,NA,NA,NA,NA,NA,NA,NA,NA,NA,NA,NA,NA,NA,NA,NA,NA,NA
AD_CS2_147_143_133,OF,147,143,133,333,NA,27,1.52,200.68,5.04,6.56,16,142.759,NA,0.694219,NA,NA,NA,NA,NA,NA,NA,NA
AD_CS2_147_143_133,OF,147,143,133,333,NA,25,NA,NA,NA,NA,NA,NA,NA,NA,NA,NA,NA,NA,NA,NA,NA,NA
AD_CS2_147_143_134,AP,147,143,134,334,383,26,NA,NA,NA,NA,NA,NA,581.504,NA,2.93452,NA,NA,NA,NA,NA,NA,NA
AD_CS2_147_143_134,AP,147,143,134,334,NA,27,NA,NA,NA,NA,NA,NA,704.603,NA,3.40322,NA,NA,NA,NA,NA,NA,NA
AD_CS2_147_143_134,C,147,143,134,334,383,25,NA,NA,NA,NA,NA,NA,NA,NA,NA,4610.203636,1.976994968,92.97365,0.066839432,14.96122826,29.3970366,0.288777434
AD_CS2_147_143_134,OF,147,143,134,334,NA,27,0,177.88,11.16,11.16,28,386.91,NA,1.93533,NA,NA,NA,NA,NA,NA,NA,NA
AD_CS2_147_143_134,OF,147,143,134,334,375,27,3.12,181.64,11.16,14.28,25,219.802,NA,1.11078,NA,NA,NA,NA,NA,NA,NA,NA
AD_CS2_147_143_136,AP,147,143,136,336,649,26,NA,NA,NA,NA,NA,NA,247.08,NA,1.23121,NA,NA,NA,NA,NA,NA,NA
AD_CS2_147_143_136,AP,147,143,136,336,NA,26,NA,NA,NA,NA,NA,NA,423.693,NA,2.04643,NA,NA,NA,NA,NA,NA,NA
AD_CS2_147_143_136,C,147,143,136,336,NA,NA,NA,NA,NA,NA,NA,NA,NA,NA,NA,NA,NA,NA,NA,NA,NA,NA
AD_CS2_147_143_136,OF,147,143,136,336,586,26,0,206.4,9.08,9.08,4,13.8941,NA,0.0673295,NA,NA,NA,NA,NA,NA,NA,NA
AD_CS2_147_143_136,OF,147,143,136,336,NA,27,4.76,182.24,6.2,10.96,28,548.913,NA,2.73964,NA,NA,NA,NA,NA,NA,NA,NA
AD_CS2_147_143_137,AP,147,143,137,337,NA,27,NA,NA,NA,NA,NA,NA,NA,NA,NA,NA,NA,NA,NA,NA,NA,NA
AD_CS2_147_143_137,AP,147,143,137,337,NA,25,NA,NA,NA,NA,NA,NA,NA,NA,NA,NA,NA,NA,NA,NA,NA,NA
AD_CS2_147_143_137,C,147,143,137,337,NA,NA,NA,NA,NA,NA,NA,NA,NA,NA,NA,NA,NA,NA,NA,NA,NA,NA
AD_CS2_147_143_137,OF,147,143,137,337,NA,27,NA,NA,NA,NA,NA,NA,NA,NA,NA,NA,NA,NA,NA,NA,NA,NA
AD_CS2_147_143_137,OF,147,143,137,337,NA,26,NA,NA,NA,NA,NA,NA,NA,NA,NA,NA,NA,NA,NA,NA,NA,NA
AD_CS2_147_143_140,AP,147,143,140,340,NA,26,NA,NA,NA,NA,NA,NA,383.468,NA,1.87938,NA,NA,NA,NA,NA,NA,NA
AD_CS2_147_143_140,AP,147,143,140,340,637,25,NA,NA,NA,NA,NA,NA,628.04,NA,2.18707,NA,NA,NA,NA,NA,NA,NA
AD_CS2_147_143_140,C,147,143,140,340,NA,NA,NA,NA,NA,NA,NA,NA,NA,NA,NA,NA,NA,NA,NA,NA,NA,NA
AD_CS2_147_143_140,OF,147,143,140,340,605,25,8.48,160.16,0,8.48,35,556.253,NA,2.6779,NA,NA,NA,NA,NA,NA,NA,NA
AD_CS2_147_143_140,OF,147,143,140,340,NA,27,5.48,166.8,35.4,40.88,24,229.016,NA,1.22103,NA,NA,NA,NA,NA,NA,NA,NA
AD_CS2_147_143_141,AP,147,143,141,341,NA,27,NA,NA,NA,NA,NA,NA,693.569,NA,3.34863,NA,NA,NA,NA,NA,NA,NA
AD_CS2_147_143_141,AP,147,143,141,341,337,26,NA,NA,NA,NA,NA,NA,717.951,NA,3.41751,NA,NA,NA,NA,NA,NA,NA
AD_CS2_147_143_141,C,147,143,141,341,337,22.5,NA,NA,NA,NA,NA,NA,NA,NA,NA,4547.793354,2.244755245,77.48419,0.090307914,11.07322668,24.48318195,0.254942098
AD_CS2_147_143_141,OF,147,143,141,341,340,27,3.4,174.84,0,3.4,32,453.364,NA,2.30743,NA,NA,NA,NA,NA,NA,NA,NA
AD_CS2_147_143_141,OF,147,143,141,341,NA,26,2.16,188.84,6.92,9.08,25,298.903,NA,1.46263,NA,NA,NA,NA,NA,NA,NA,NA
AD_CS2_147_143_142,AP,147,143,142,342,NA,27,NA,NA,NA,NA,NA,NA,196.43,NA,0.958383,NA,NA,NA,NA,NA,NA,NA
AD_CS2_147_143_142,AP,147,143,142,342,365,25,NA,NA,NA,NA,NA,NA,692.431,NA,3.46979,NA,NA,NA,NA,NA,NA,NA
AD_CS2_147_143_142,C,147,143,142,342,NA,NA,NA,NA,NA,NA,NA,NA,NA,NA,NA,NA,NA,NA,NA,NA,NA,NA
AD_CS2_147_143_142,OF,147,143,142,342,NA,27,0,205.68,11.36,11.36,15,101.622,NA,0.494176,NA,NA,NA,NA,NA,NA,NA,NA
AD_CS2_147_143_142,OF,147,143,142,342,394,27,2.56,182.72,14,16.56,27,308.168,NA,1.5836,NA,NA,NA,NA,NA,NA,NA,NA
AD_CS2_134_132_143,AP,134,132,143,343,NA,27,NA,NA,NA,NA,NA,NA,407.347,NA,2.04821,NA,NA,NA,NA,NA,NA,NA
AD_CS2_134_132_143,AP,134,132,143,343,388,26,NA,NA,NA,NA,NA,NA,418.356,NA,2.09471,NA,NA,NA,NA,NA,NA,NA
AD_CS2_134_132_143,C,134,132,143,343,NA,NA,NA,NA,NA,NA,NA,NA,NA,NA,NA,NA,NA,NA,NA,NA,NA,NA
AD_CS2_134_132_143,OF,134,132,143,343,NA,26,3.48,178.88,2.64,6.12,30,377.49,NA,1.84573,NA,NA,NA,NA,NA,NA,NA,NA
AD_CS2_134_132_143,OF,134,132,143,343,378,26,6.16,179.64,0,6.16,26,242.985,NA,1.17225,NA,NA,NA,NA,NA,NA,NA,NA
AD_CS2_134_132_146,AP,134,132,146,346,267,25,NA,NA,NA,NA,NA,NA,451.126,NA,2.23773,NA,NA,NA,NA,NA,NA,NA
AD_CS2_134_132_146,AP,134,132,146,346,NA,27,NA,NA,NA,NA,NA,NA,740.62,NA,3.4797,NA,NA,NA,NA,NA,NA,NA
AD_CS2_134_132_146,C,134,132,146,346,NA,NA,NA,NA,NA,NA,NA,NA,NA,NA,NA,NA,NA,NA,NA,NA,NA,NA
AD_CS2_134_132_146,OF,134,132,146,346,NA,26,0,170.12,2.28,2.28,22,474.138,NA,2.65475,NA,NA,NA,NA,NA,NA,NA,NA
AD_CS2_134_132_146,OF,134,132,146,346,267,26,4.52,188.56,0,4.52,29,338.585,NA,1.62844,NA,NA,NA,NA,NA,NA,NA,NA
AD_CS2_134_132_147,AP,134,132,147,347,263,26,NA,NA,NA,NA,NA,NA,402.228,NA,1.91537,NA,NA,NA,NA,NA,NA,NA
AD_CS2_134_132_147,AP,134,132,147,347,NA,27,NA,NA,NA,NA,NA,NA,625.895,NA,2.94068,NA,NA,NA,NA,NA,NA,NA
AD_CS2_134_132_147,C,134,132,147,347,263,22.5,NA,NA,NA,NA,NA,NA,NA,NA,NA,4547.793354,2.244755245,77.48419,0.090307914,11.07322668,24.48318195,0.254942098
AD_CS2_134_132_147,OF,134,132,147,347,NA,27,0.24,199.04,4.16,4.4,28,622.505,NA,2.92586,NA,NA,NA,NA,NA,NA,NA,NA
AD_CS2_134_132_147,OF,134,132,147,347,271,27,5.04,176.36,0,5.04,33,575.38,NA,2.87805,NA,NA,NA,NA,NA,NA,NA,NA
AD_CS2_134_132_151,AP,134,132,151,351,570,25,NA,NA,NA,NA,NA,NA,163.544,NA,0.811233,NA,NA,NA,NA,NA,NA,NA
AD_CS2_134_132_151,AP,134,132,151,351,NA,27,NA,NA,NA,NA,NA,NA,292.863,NA,1.43195,NA,NA,NA,NA,NA,NA,NA
AD_CS2_134_132_151,C,134,132,151,351,NA,NA,NA,NA,NA,NA,NA,NA,NA,NA,NA,NA,NA,NA,NA,NA,NA,NA
AD_CS2_134_132_151,OF,134,132,151,351,547,25,0,0.16,0,0,1,0,NA,0,NA,NA,NA,NA,NA,NA,NA,NA
AD_CS2_134_132_151,OF,134,132,151,351,NA,26,0,205.72,1.24,1.24,1,0,NA,0,NA,NA,NA,NA,NA,NA,NA,NA
AD_CS2_134_132_153,AP,134,132,153,353,520,25,NA,NA,NA,NA,NA,NA,253.139,NA,0.881894,NA,NA,NA,NA,NA,NA,NA
AD_CS2_134_132_153,AP,134,132,153,353,NA,27,NA,NA,NA,NA,NA,NA,431.473,NA,2.04257,NA,NA,NA,NA,NA,NA,NA
AD_CS2_134_132_153,C,134,132,153,353,NA,NA,NA,NA,NA,NA,NA,NA,NA,NA,NA,NA,NA,NA,NA,NA,NA,NA
AD_CS2_134_132_153,OF,134,132,153,353,NA,27,1.04,194.96,0,1.04,27,496.64,NA,2.42548,NA,NA,NA,NA,NA,NA,NA,NA
AD_CS2_134_132_153,OF,134,132,153,353,460,26,1.72,180.4,0,1.72,29,330.57,NA,1.59419,NA,NA,NA,NA,NA,NA,NA,NA
AD_CS2_134_132_154,AP,134,132,154,354,402,25,NA,NA,NA,NA,NA,NA,249.426,NA,1.24988,NA,NA,NA,NA,NA,NA,NA
AD_CS2_134_132_154,AP,134,132,154,354,NA,27,NA,NA,NA,NA,NA,NA,372.54,NA,1.84243,NA,NA,NA,NA,NA,NA,NA
AD_CS2_134_132_154,C,134,132,154,354,NA,NA,NA,NA,NA,NA,NA,NA,NA,NA,NA,NA,NA,NA,NA,NA,NA,NA
AD_CS2_134_132_154,OF,134,132,154,354,385,27,0,187.32,9.6,9.6,24,492.613,NA,2.46405,NA,NA,NA,NA,NA,NA,NA,NA
AD_CS2_134_132_154,OF,134,132,154,354,NA,27,32.6,143.6,8.6,41.2,32,325.627,NA,1.58348,NA,NA,NA,NA,NA,NA,NA,NA
AD_CS2_134_132_155,AP,134,132,155,355,481,26,NA,NA,NA,NA,NA,NA,186.607,NA,0.948399,NA,NA,NA,NA,NA,NA,NA
AD_CS2_134_132_155,AP,134,132,155,355,NA,26,NA,NA,NA,NA,NA,NA,382.005,NA,1.84508,NA,NA,NA,NA,NA,NA,NA
AD_CS2_134_132_155,C,134,132,155,355,NA,NA,NA,NA,NA,NA,NA,NA,NA,NA,NA,NA,NA,NA,NA,NA,NA,NA
AD_CS2_134_132_155,OF,134,132,155,355,NA,27,0,202.96,0,0,1,0,NA,0,NA,NA,NA,NA,NA,NA,NA,NA
AD_CS2_134_132_155,OF,134,132,155,355,469,25,0,208.48,0,0,16,85.6139,NA,0.406292,NA,NA,NA,NA,NA,NA,NA,NA
AD_CS2_134_132_156,AP,134,132,156,356,NA,26,NA,NA,NA,NA,NA,NA,NA,NA,NA,NA,NA,NA,NA,NA,NA,NA
AD_CS2_134_132_156,AP,134,132,156,356,406,26,NA,NA,NA,NA,NA,NA,308.298,NA,1.54303,NA,NA,NA,NA,NA,NA,NA
AD_CS2_134_132_156,C,134,132,156,356,NA,NA,NA,NA,NA,NA,NA,NA,NA,NA,NA,NA,NA,NA,NA,NA,NA,NA
AD_CS2_134_132_156,OF,134,132,156,356,384,25,0,161,0,0,21,131.731,NA,0.672097,NA,NA,NA,NA,NA,NA,NA,NA
AD_CS2_134_132_156,OF,134,132,156,356,NA,26,0,194.72,12.4,12.4,22,374.697,NA,1.80421,NA,NA,NA,NA,NA,NA,NA,NA
AD_CS2_113_99_160,AP,113,99,160,360,707,25,NA,NA,NA,NA,NA,NA,553.016,NA,2.63241,NA,NA,NA,NA,NA,NA,NA
AD_CS2_113_99_160,AP,119,99,160,360,NA,26,NA,NA,NA,NA,NA,NA,615.812,NA,3.10514,NA,NA,NA,NA,NA,NA,NA
AD_CS2_113_99_160,C,113,99,160,360,NA,NA,NA,NA,NA,NA,NA,NA,NA,NA,NA,NA,NA,NA,NA,NA,NA,NA
AD_CS2_113_99_160,OF,113,99,160,360,612,26,0,205.56,0,0,6,25.8377,NA,0.125719,NA,NA,NA,NA,NA,NA,NA,NA
AD_CS2_113_99_160,OF,113,99,160,360,NA,27,0,196.72,9.2,9.2,1,0,NA,0,NA,NA,NA,NA,NA,NA,NA,NA
AD_CS2_113_99_162,AP,113,99,162,362,NA,27,NA,NA,NA,NA,NA,NA,435.781,NA,2.19471,NA,NA,NA,NA,NA,NA,NA
AD_CS2_113_99_162,AP,113,99,162,362,708,25,NA,NA,NA,NA,NA,NA,473.039,NA,2.253,NA,NA,NA,NA,NA,NA,NA
AD_CS2_113_99_162,C,113,99,162,362,NA,NA,NA,NA,NA,NA,NA,NA,NA,NA,NA,NA,NA,NA,NA,NA,NA,NA
AD_CS2_113_99_162,OF,113,99,162,362,664,26,4.52,151.68,0,4.52,29,255.962,NA,1.46902,NA,NA,NA,NA,NA,NA,NA,NA
AD_CS2_113_99_162,OF,113,99,162,362,NA,27,4.92,172.04,0,4.92,25,437.425,NA,2.29306,NA,NA,NA,NA,NA,NA,NA,NA
AD_CS2_113_99_163,AP,113,99,163,363,466,25,NA,NA,NA,NA,NA,NA,182.951,NA,0.879403,NA,NA,NA,NA,NA,NA,NA
AD_CS2_113_99_163,AP,113,99,163,363,NA,26,NA,NA,NA,NA,NA,NA,341.445,NA,1.73993,NA,NA,NA,NA,NA,NA,NA
AD_CS2_113_99_163,C,113,99,163,363,466,25.5,NA,NA,NA,NA,NA,NA,NA,NA,NA,4808.808864,2.005555556,11.95919,0.066439944,15.05118658,30.22384228,0.329752333
AD_CS2_113_99_163,OF,113,99,163,363,459,26,0,185.4,0,0,19,182.398,NA,0.887841,NA,NA,NA,NA,NA,NA,NA,NA
AD_CS2_113_99_163,OF,113,99,163,363,NA,28,0,168.68,22.4,22.4,29,335.505,NA,1.66686,NA,NA,NA,NA,NA,NA,NA,NA
AD_CS2_113_99_166,AP,113,99,166,366,734,25,NA,NA,NA,NA,NA,NA,308.528,NA,1.47932,NA,NA,NA,NA,NA,NA,NA
AD_CS2_113_99_166,AP,113,99,166,366,NA,27,NA,NA,NA,NA,NA,NA,386.089,NA,1.8305,NA,NA,NA,NA,NA,NA,NA
AD_CS2_113_99_166,C,113,99,166,366,NA,NA,NA,NA,NA,NA,NA,NA,NA,NA,NA,NA,NA,NA,NA,NA,NA,NA
AD_CS2_113_99_166,OF,113,99,166,366,670,26,5.08,174.12,0,5.08,33,515.571,NA,2.50374,NA,NA,NA,NA,NA,NA,NA,NA
AD_CS2_113_99_166,OF,113,99,166,366,NA,28,4.16,166.48,12.96,17.12,34,712.567,NA,3.53596,NA,NA,NA,NA,NA,NA,NA,NA
AD_CS2_113_99_169,AP,113,99,169,369,661,25,NA,NA,NA,NA,NA,NA,516.947,NA,2.47865,NA,NA,NA,NA,NA,NA,NA
AD_CS2_113_99_169,AP,113,99,169,369,NA,27,NA,NA,NA,NA,NA,NA,702.073,NA,3.53013,NA,NA,NA,NA,NA,NA,NA
AD_CS2_113_99_169,C,113,99,169,369,NA,NA,NA,NA,NA,NA,NA,NA,NA,NA,NA,NA,NA,NA,NA,NA,NA,NA
AD_CS2_113_99_169,OF,113,99,169,369,583,26,0,205.92,0,0,1,0,NA,0,NA,NA,NA,NA,NA,NA,NA,NA
AD_CS2_113_99_169,OF,113,99,169,369,NA,27,0,182.88,0,0,32,543.739,NA,2.71652,NA,NA,NA,NA,NA,NA,NA,NA
AD_CS2_113_99_170,AP,113,99,170,370,NA,25,NA,NA,NA,NA,NA,NA,NA,NA,NA,NA,NA,NA,NA,NA,NA,NA
AD_CS2_113_99_170,AP,113,99,170,370,NA,27,NA,NA,NA,NA,NA,NA,383.831,NA,1.83968,NA,NA,NA,NA,NA,NA,NA
AD_CS2_113_99_170,C,113,99,170,370,NA,NA,NA,NA,NA,NA,NA,NA,NA,NA,NA,NA,NA,NA,NA,NA,NA,NA
AD_CS2_113_99_170,OF,113,99,170,370,NA,27,0,118.88,8.96,8.96,28,521.987,NA,3.36852,NA,NA,NA,NA,NA,NA,NA,NA
AD_CS2_113_99_170,OF,113,99,170,370,NA,26,NA,NA,NA,NA,NA,NA,NA,NA,NA,NA,NA,NA,NA,NA,NA,NA
AD_CS2_113_99_175,AP,113,99,175,375,NA,27,NA,NA,NA,NA,NA,NA,160.608,NA,0.79336,NA,NA,NA,NA,NA,NA,NA
AD_CS2_113_99_175,AP,113,99,175,375,361,25,NA,NA,NA,NA,NA,NA,161.539,NA,1.12055,NA,NA,NA,NA,NA,NA,NA
AD_CS2_113_99_175,C,113,99,175,375,361,25.5,NA,NA,NA,NA,NA,NA,NA,NA,NA,4776.299392,1.993939394,46.31808,0.070178909,14.24929531,27.77768151,0.370677682
AD_CS2_113_99_175,OF,113,99,175,375,NA,27,0,13.04,9.36,9.36,1,1.00111,NA,0.077726,NA,NA,NA,NA,NA,NA,NA,NA
AD_CS2_113_99_175,OF,113,99,175,375,367,26,11.32,125.92,0,11.32,27,274.031,NA,1.337,NA,NA,NA,NA,NA,NA,NA,NA
AD_CS2_113_99_182,AP,113,99,182,382,NA,27,NA,NA,NA,NA,NA,NA,361.206,NA,1.71741,NA,NA,NA,NA,NA,NA,NA
AD_CS2_113_99_182,AP,113,99,182,382,794,25,NA,NA,NA,NA,NA,NA,578.547,NA,2.77401,NA,NA,NA,NA,NA,NA,NA
AD_CS2_113_99_182,C,113,99,182,382,NA,NA,NA,NA,NA,NA,NA,NA,NA,NA,NA,NA,NA,NA,NA,NA,NA,NA
AD_CS2_113_99_182,OF,113,99,182,382,771,26,0,201.68,0,0,20,326.239,NA,1.56545,NA,NA,NA,NA,NA,NA,NA,NA
AD_CS2_113_99_182,OF,113,99,182,382,NA,27,0,192.88,9.92,9.92,24,400.618,NA,2.0369,NA,NA,NA,NA,NA,NA,NA,NA
AD_CS2_113_99_183,AP,113,99,183,383,893,25,NA,NA,NA,NA,NA,NA,202.505,NA,0.9719,NA,NA,NA,NA,NA,NA,NA
AD_CS2_113_99_183,AP,113,99,183,383,NA,26,NA,NA,NA,NA,NA,NA,260.513,NA,1.32294,NA,NA,NA,NA,NA,NA,NA
AD_CS2_113_99_183,C,113,99,183,383,NA,NA,NA,NA,NA,NA,NA,NA,NA,NA,NA,NA,NA,NA,NA,NA,NA,NA
AD_CS2_113_99_183,OF,113,99,183,383,NA,27,0,180.4,1.96,1.96,23,354.915,NA,1.67697,NA,NA,NA,NA,NA,NA,NA,NA
AD_CS2_113_99_183,OF,113,99,183,383,841,26,3.64,183.6,0,3.64,29,290.864,NA,1.41223,NA,NA,NA,NA,NA,NA,NA,NA
AD_CS2_113_99_186,AP,113,99,186,386,416,25,NA,NA,NA,NA,NA,NA,621.851,NA,2.9845,NA,NA,NA,NA,NA,NA,NA
AD_CS2_113_99_186,AP,113,99,186,386,NA,26,NA,NA,NA,NA,NA,NA,694.605,NA,3.53813,NA,NA,NA,NA,NA,NA,NA
AD_CS2_113_99_186,C,113,99,186,386,416,25.5,NA,NA,NA,NA,NA,NA,NA,NA,NA,5007.210343,1.396527778,42.52115,0.029528576,33.86549987,32.74625754,0.173925778
AD_CS2_113_99_186,OF,113,99,186,386,433,26,0.76,184.36,0,0.76,33,621.971,NA,3.02456,NA,NA,NA,NA,NA,NA,NA,NA
AD_CS2_113_99_186,OF,113,99,186,386,NA,28,2.16,181.52,5.88,8.04,32,588.384,NA,2.94959,NA,NA,NA,NA,NA,NA,NA,NA
AD_CS2_113_99_195,AP,113,99,195,395,655,25,NA,NA,NA,NA,NA,NA,312.347,NA,1.4868,NA,NA,NA,NA,NA,NA,NA
AD_CS2_113_99_195,AP,113,99,195,395,NA,26,NA,NA,NA,NA,NA,NA,558.695,NA,2.847,NA,NA,NA,NA,NA,NA,NA
AD_CS2_113_99_195,C,113,99,195,395,NA,NA,NA,NA,NA,NA,NA,NA,NA,NA,NA,NA,NA,NA,NA,NA,NA,NA
AD_CS2_113_99_195,OF,113,99,195,395,645,26,15.04,166.24,0,15.04,33,544.151,NA,2.64613,NA,NA,NA,NA,NA,NA,NA,NA
AD_CS2_113_99_195,OF,113,99,195,395,NA,28,9.04,170.52,24.32,33.36,35,1014.66,NA,5.08653,NA,NA,NA,NA,NA,NA,NA,NA
AD_CS2_113_99_212,AP,113,99,212,412,NA,27,NA,NA,NA,NA,NA,NA,NA,NA,NA,NA,NA,NA,NA,NA,NA,NA
AD_CS2_113_99_212,AP,113,99,212,412,691,25,NA,NA,NA,NA,NA,NA,156.395,NA,0.750599,NA,NA,NA,NA,NA,NA,NA
AD_CS2_113_99_212,C,113,99,212,412,NA,NA,NA,NA,NA,NA,NA,NA,NA,NA,NA,NA,NA,NA,NA,NA,NA,NA
AD_CS2_113_99_212,OF,113,99,212,412,666,26,0.12,201.24,0,0.12,8,30.3703,NA,0.150706,NA,NA,NA,NA,NA,NA,NA,NA
AD_CS2_113_99_212,OF,113,99,212,412,NA,27,7.88,161.56,0,7.88,35,537.639,NA,2.73357,NA,NA,NA,NA,NA,NA,NA,NA
AD_CS2_113_99_213,AP,113,99,213,413,NA,27,NA,NA,NA,NA,NA,NA,337.109,NA,1.66129,NA,NA,NA,NA,NA,NA,NA
AD_CS2_113_99_213,AP,113,99,213,413,734,25,NA,NA,NA,NA,NA,NA,435.095,NA,2.0914,NA,NA,NA,NA,NA,NA,NA
AD_CS2_113_99_213,C,113,99,213,413,NA,NA,NA,NA,NA,NA,NA,NA,NA,NA,NA,NA,NA,NA,NA,NA,NA,NA
AD_CS2_113_99_213,OF,113,99,213,413,714,26,0,205,0,0,1,0,NA,0,NA,NA,NA,NA,NA,NA,NA,NA
AD_CS2_113_99_213,OF,113,99,213,413,NA,27,0,155.4,4.64,4.64,30,589.384,NA,2.96829,NA,NA,NA,NA,NA,NA,NA,NA
AD_CS2_113_99_215,AP,113,99,215,415,381,25,NA,NA,NA,NA,NA,NA,429.319,NA,2.05849,NA,NA,NA,NA,NA,NA,NA
AD_CS2_113_99_215,AP,113,99,215,415,NA,26,NA,NA,NA,NA,NA,NA,509.779,NA,2.56945,NA,NA,NA,NA,NA,NA,NA
AD_CS2_113_99_215,C,113,99,215,415,381,25.5,NA,NA,NA,NA,NA,NA,NA,NA,NA,4996.521739,2.3,8.97129,0.0897129,11.14666899,26.32351634,0.5028808
AD_CS2_113_99_215,OF,113,99,215,415,372,26,0,202.12,0,0,22,119.046,NA,0.57823,NA,NA,NA,NA,NA,NA,NA,NA
AD_CS2_113_99_215,OF,113,99,215,415,NA,28,0,183.16,56.44,56.44,28,556.311,NA,2.76387,NA,NA,NA,NA,NA,NA,NA,NA
AD_CS2_113_99_216,AP,113,99,216,416,820,25,NA,NA,NA,NA,NA,NA,264.281,NA,1.27034,NA,NA,NA,NA,NA,NA,NA
AD_CS2_113_99_216,AP,113,99,216,416,NA,26,NA,NA,NA,NA,NA,NA,436.591,NA,2.20056,NA,NA,NA,NA,NA,NA,NA
AD_CS2_113_99_216,C,113,99,216,416,NA,NA,NA,NA,NA,NA,NA,NA,NA,NA,NA,NA,NA,NA,NA,NA,NA,NA
AD_CS2_113_99_216,OF,113,99,216,416,783,26,0,196.6,0,0,20,204.77,NA,1.02796,NA,NA,NA,NA,NA,NA,NA,NA
AD_CS2_113_99_216,OF,113,99,216,416,NA,27,0,207.08,0.52,0.52,1,0,NA,0,NA,NA,NA,NA,NA,NA,NA,NA
AD_CS2_113_99_218,AP,113,99,218,418,NA,27,NA,NA,NA,NA,NA,NA,NA,NA,NA,NA,NA,NA,NA,NA,NA,NA
AD_CS2_113_99_218,AP,113,99,218,418,643,25,NA,NA,NA,NA,NA,NA,346.169,NA,1.71371,NA,NA,NA,NA,NA,NA,NA
AD_CS2_113_99_218,C,113,99,218,418,NA,NA,NA,NA,NA,NA,NA,NA,NA,NA,NA,NA,NA,NA,NA,NA,NA,NA
AD_CS2_113_99_218,OF,113,99,218,418,NA,28,0,175.28,0,0,32,430.464,NA,2.15793,NA,NA,NA,NA,NA,NA,NA,NA
AD_CS2_113_99_218,OF,113,99,218,418,628,26,7.6,186.48,0,7.6,27,222.505,NA,1.08075,NA,NA,NA,NA,NA,NA,NA,NA
AD_CS2_113_99_219,AP,113,99,219,419,381,25,NA,NA,NA,NA,NA,NA,666.276,NA,3.17154,NA,NA,NA,NA,NA,NA,NA
AD_CS2_113_99_219,AP,113,99,219,419,NA,27,NA,NA,NA,NA,NA,NA,740.96,NA,3.65149,NA,NA,NA,NA,NA,NA,NA
AD_CS2_113_99_219,C,113,99,219,419,NA,NA,NA,NA,NA,NA,NA,NA,NA,NA,NA,NA,NA,NA,NA,NA,NA,NA
AD_CS2_113_99_219,OF,113,99,219,419,354,26,6.44,185.52,0,6.44,27,282.31,NA,1.35466,NA,NA,NA,NA,NA,NA,NA,NA
AD_CS2_113_99_219,OF,113,99,219,419,NA,27,2.88,135.28,17.8,20.68,24,234.237,NA,1.41755,NA,NA,NA,NA,NA,NA,NA,NA
AD_CS2_113_99_220,AP,113,99,220,420,NA,26,NA,NA,NA,NA,NA,NA,161.042,NA,0.820638,NA,NA,NA,NA,NA,NA,NA
AD_CS2_113_99_220,AP,113,99,220,420,361,25,NA,NA,NA,NA,NA,NA,471.042,NA,2.23328,NA,NA,NA,NA,NA,NA,NA
AD_CS2_113_99_220,C,113,99,220,420,NA,NA,NA,NA,NA,NA,NA,NA,NA,NA,NA,NA,NA,NA,NA,NA,NA,NA
AD_CS2_113_99_220,OF,113,99,220,420,356,26,6.48,187,0,6.48,28,235.439,NA,1.15388,NA,NA,NA,NA,NA,NA,NA,NA
AD_CS2_113_99_220,OF,113,99,220,420,NA,28,0,197.16,17.8,17.8,20,196.272,NA,0.98629,NA,NA,NA,NA,NA,NA,NA,NA
AD_CS2_113_99_221,AP,113,99,221,421,374,25,NA,NA,NA,NA,NA,NA,258.462,NA,1.24237,NA,NA,NA,NA,NA,NA,NA
AD_CS2_113_99_221,AP,113,99,221,421,NA,27,NA,NA,NA,NA,NA,NA,340.366,NA,1.67668,NA,NA,NA,NA,NA,NA,NA
AD_CS2_113_99_221,C,113,99,221,421,NA,NA,NA,NA,NA,NA,NA,NA,NA,NA,NA,NA,NA,NA,NA,NA,NA,NA
AD_CS2_113_99_221,OF,113,99,221,421,311,26,0,208,0,0,1,0,NA,0,NA,NA,NA,NA,NA,NA,NA,NA
AD_CS2_113_99_221,OF,113,99,221,421,NA,27,5.84,181.88,14.8,20.64,28,427.06,NA,2.01786,NA,NA,NA,NA,NA,NA,NA,NA
AD_CS2_113_99_226,AP,113,99,226,426,NA,25,NA,NA,NA,NA,NA,NA,NA,NA,NA,NA,NA,NA,NA,NA,NA,NA
AD_CS2_113_99_226,AP,113,99,226,426,NA,27,NA,NA,NA,NA,NA,NA,415.979,NA,2.09245,NA,NA,NA,NA,NA,NA,NA
AD_CS2_113_99_226,C,113,99,226,426,NA,NA,NA,NA,NA,NA,NA,NA,NA,NA,NA,NA,NA,NA,NA,NA,NA,NA
AD_CS2_113_99_226,OF,113,99,226,426,498,26,0.6,197.2,0,0.6,29,319.953,NA,1.54358,NA,NA,NA,NA,NA,NA,NA,NA
AD_CS2_113_99_226,OF,113,99,226,426,NA,28,1.8,167.04,2.92,4.72,31,805.025,NA,4.03562,NA,NA,NA,NA,NA,NA,NA,NA
